<?xml version="1.0" encoding="UTF-8"?>
<!DOCTYPE hibernate-reverse-engineering PUBLIC "-//Hibernate/Hibernate Reverse Engineering DTD 3.0//EN" "http://hibernate.sourceforge.net/hibernate-reverse-engineering-3.0.dtd" >

<hibernate-reverse-engineering>
	<table name="city" schema="dbo" catalog="cloudmovedb">
		<primary-key>
			<generator class="native"></generator>
		</primary-key>
	</table>
	<table name="orders" schema="dbo" catalog="cloudmovedb">
		<primary-key>
			<generator class="native"></generator>
		</primary-key>
	</table>
	<table name="insurance" schema="dbo" catalog="cloudmovedb">
		<primary-key>
			<generator class="native"></generator>
		</primary-key>
	</table>
	<table name="community" schema="dbo" catalog="cloudmovedb">
		<primary-key>
			<generator class="native"></generator>
		</primary-key>
	</table>
	<table name="service" schema="dbo" catalog="cloudmovedb">
		<primary-key>
			<generator class="native"></generator>
		</primary-key>
	</table>
	<table name="store" schema="dbo" catalog="cloudmovedb">
		<primary-key>
			<generator class="native"></generator>
		</primary-key>
	</table>
	<table name="userinfo" schema="dbo" catalog="cloudmovedb">
		<primary-key>
			<generator class="native"></generator>
		</primary-key>
	</table>
<table name="log" schema="dbo" catalog="cloudmovedb">
	<primary-key>
		<generator class="native"></generator>
	</primary-key>
</table>
</hibernate-reverse-engineering>