<?xml version="1.0" encoding="UTF-8"?>
<beans xmlns="http://www.springframework.org/schema/beans"
	xmlns:xsi="http://www.w3.org/2001/XMLSchema-instance" xmlns:p="http://www.springframework.org/schema/p"
	xsi:schemaLocation="http://www.springframework.org/schema/beans http://www.springframework.org/schema/beans/spring-beans-2.0.xsd">


	<bean id="dataSource" class="org.apache.commons.dbcp.BasicDataSource">
		<property name="driverClassName" value="com.microsoft.sqlserver.jdbc.SQLServerDriver">
		</property>
		<property name="url" value="jdbc:sqlserver://localhost:1433">
		</property>
		<property name="username" value="sa"></property>
		<property name="password" value="123456"></property>
	</bean>

	<bean id="sessionFactory"
		class="org.springframework.orm.hibernate3.LocalSessionFactoryBean">
		<property name="dataSource">
			<ref bean="dataSource" />
		</property>
		<property name="hibernateProperties">
			<props>
				<prop key="hibernate.dialect">
					org.hibernate.dialect.SQLServerDialect
				</prop>
			</props>
		</property>

		<property name="mappingResources">
			<list>
				<value>com/hit/cloudmove/pojo/Userinfo.hbm.xml</value>
				<value>com/hit/cloudmove/pojo/Store.hbm.xml</value>
				<value>com/hit/cloudmove/pojo/City.hbm.xml</value>
				<value>com/hit/cloudmove/pojo/Orders.hbm.xml</value>
				<value>com/hit/cloudmove/pojo/Insurance.hbm.xml</value>
				<value>com/hit/cloudmove/pojo/Community.hbm.xml</value>
				<value>com/hit/cloudmove/pojo/Service.hbm.xml</value>
				<value>com/hit/cloudmove/pojo/Log.hbm.xml</value>
			</list>
		</property>
	</bean>

	<!-- SERVICES AREA -->

	<bean id="userservice" class="com.hit.cloudmove.services.UserService">
		<property name="userDao">
			<ref bean="UserinfoDAO" />
		</property>
	</bean>

	<bean id="cityservice" class="com.hit.cloudmove.services.CityService">
		<property name="cityDAO">
			<ref bean="CityDAO" />
		</property>
	</bean>

	<bean id="communityservice" class="com.hit.cloudmove.services.CommunityService">
		<property name="communityDAO">
			<ref bean="CommunityDAO" />
		</property>
	</bean>

	<bean id="orderservice" class="com.hit.cloudmove.services.OrderService">
		<property name="orderDAO">
			<ref bean="OrdersDAO" />
		</property>
	</bean>
	<bean id="storeservice" class="com.hit.cloudmove.services.StoreService">
		<property name="storeDAO">
			<ref bean="StoreDAO" />
		</property>
	</bean>

	<bean id="serviceservice" class="com.hit.cloudmove.services.ServiceService">
		<property name="serviceDAO">
			<ref bean="ServiceDAO" />
		</property>
	</bean>

	<bean id="insuranceservice" class="com.hit.cloudmove.services.InsuranceService">
		<property name="insuranceDAO">
			<ref bean="InsuranceDAO" />
		</property>
	</bean>

	<!-- /PATH AREA -->

	<bean name="/login" class="com.hit.cloudmove.action.LoginAction">
		<property name="service">
			<ref bean="userservice" />
		</property>
	</bean>

	<bean name="/register" class="com.hit.cloudmove.action.RegisterAction">
		<property name="service">
			<ref bean="userservice" />
		</property>
	</bean>

	<bean name="/communityChoose" class="com.hit.cloudmove.action.CommunityChooseAction">
		<property name="cityservice">
			<ref bean="cityservice" />
		</property>
	</bean>

	<bean name="/enterHomePage" class="com.hit.cloudmove.action.EnterHomePageAction">
		<property name="storeService">
			<ref bean="storeservice" />
		</property>
		<property name="communityService">
			<ref bean="communityservice" />
		</property>
	</bean>

	<bean name="/getCommunityByCityID" class="com.hit.cloudmove.action.GetCommunityByCityIDAction">
		<property name="communityservice">
			<ref bean="communityservice" />
		</property>
	</bean>

	<bean name="/getStoreOrders" class="com.hit.cloudmove.action.GetStoreOrderAction">
		<property name="orderservice">
			<ref bean="orderservice" />
		</property>
		<property name="storeservice">
			<ref bean="storeservice" />
		</property>
		<property name="userservice">
			<ref bean="userservice" />
		</property>
		<property name="serviceservice">
			<ref bean="serviceservice" />
		</property>
		<property name="insuranceservice">
			<ref bean="insuranceservice" />
		</property>
	</bean>

	<bean name="/getUserOrders" class="com.hit.cloudmove.action.GetUserOrderAction">
		<property name="orderservice">
			<ref bean="orderservice" />
		</property>
		<property name="storeservice">
			<ref bean="storeservice" />
		</property>
		<property name="userservice">
			<ref bean="userservice" />
		</property>
	</bean>

	<bean name="/UserOrderDetail" class="com.hit.cloudmove.action.GetUserOrderDetailAction">
		<property name="orderservice">
			<ref bean="orderservice" />
		</property>
		<property name="storeservice">
			<ref bean="storeservice" />
		</property>
		<property name="serviceservice">
			<ref bean="serviceservice" />
		</property>
	</bean>
	<bean name="/userMakeOrder1" class="com.hit.cloudmove.action.UserMakeOrder1Action">
		<property name="insuranceservice">
			<ref bean="insuranceservice" />
		</property>
		<property name="storeservice">
			<ref bean="storeservice" />
		</property>
		<property name="serviceservice">
			<ref bean="serviceservice" />
		</property>

	</bean>
	<bean name="/userMakeOrder2" class="com.hit.cloudmove.action.UserMakeOrder2Action">
		<property name="insuranceservice">
			<ref bean="insuranceservice" />
		</property>
		<property name="storeservice">
			<ref bean="storeservice" />
		</property>
		<property name="serviceservice">
			<ref bean="serviceservice" />
		</property>

	</bean>
	<bean name="/addstore" class="com.hit.cloudmove.action.AddStoreAction">
		<property name="serviceservice">
			<ref bean="serviceservice" />
		</property>
		<property name="insuranceservice">
			<ref bean="insuranceservice" />
		</property>
		<property name="storeservice">
			<ref bean="storeservice" />
		</property>
	</bean>

	<bean name="/editStore" class="com.hit.cloudmove.action.EditStoreAction">
		<property name="serviceservice">
			<ref bean="serviceservice" />
		</property>
		<property name="insuranceservice">
			<ref bean="insuranceservice" />
		</property>
		<property name="storeservice">
			<ref bean="storeservice" />
		</property>
	</bean>

	<bean name="/userMakeOrder3" class="com.hit.cloudmove.action.UserMakeOrder3Action">
		<property name="insuranceservice">
			<ref bean="insuranceservice" />
		</property>
		<property name="storeservice">
			<ref bean="storeservice" />
		</property>
		<property name="serviceservice">
			<ref bean="serviceservice" />
		</property>

	</bean>
	<bean name="/userMakeOrder4" class="com.hit.cloudmove.action.UserMakeOrder4Action">
		<property name="orderservice">
			<ref bean="orderservice" />
		</property>
		<property name="storeservice">
			<ref bean="storeservice" />
		</property>
		<property name="serviceservice">
			<ref bean="serviceservice" />
		</property>
			<property name="userservice">
			<ref bean="userservice" />
		</property>
	</bean>

	<bean name="/enterErrorPage" class="com.hit.cloudmove.action.EnterErrorPageAction">
	</bean>

	<bean name="/enterAddStore" class="com.hit.cloudmove.action.EnterAddStoreAction">
	</bean>

	<bean name="/enterOrderStep" class="com.hit.cloudmove.action.EnterOrderStepAction">
	</bean>

	<bean name="/validationCode" class="com.hit.cloudmove.action.ValidationCodeAction">
	</bean>

	<bean name="/enterShopPage" class="com.hit.cloudmove.action.EnterShopPageAction">
		<property name="storeService">
			<ref bean="storeservice" />
		</property>
		<property name="serviceService">
			<ref bean="serviceservice" />
		</property>
	</bean>

	<bean name="/saveEditstore" class="com.hit.cloudmove.action.SaveEditStoreAction">
		<property name="serviceservice">
			<ref bean="serviceservice" />
		</property>
		<property name="insuranceservice">
			<ref bean="insuranceservice" />
		</property>
		<property name="storeservice">
			<ref bean="storeservice" />
		</property>
	</bean>

	<!-- DAO AREA -->

	<bean id="UserinfoDAO" class="com.hit.cloudmove.DAO.UserinfoDAO">
		<property name="sessionFactory">
			<ref bean="sessionFactory" />
		</property>
	</bean>

	<bean id="StoreDAO" class="com.hit.cloudmove.DAO.StoreDAO">
		<property name="sessionFactory">
			<ref bean="sessionFactory" />
		</property>
	</bean>
	<bean id="CityDAO" class="com.hit.cloudmove.DAO.CityDAO">
		<property name="sessionFactory">
			<ref bean="sessionFactory" />
		</property>
	</bean>
	<bean id="OrdersDAO" class="com.hit.cloudmove.DAO.OrdersDAO">
		<property name="sessionFactory">
			<ref bean="sessionFactory" />
		</property>
	</bean>
	<bean id="InsuranceDAO" class="com.hit.cloudmove.DAO.InsuranceDAO">
		<property name="sessionFactory">
			<ref bean="sessionFactory" />
		</property>
	</bean>
	<bean id="CommunityDAO" class="com.hit.cloudmove.DAO.CommunityDAO">
		<property name="sessionFactory">
			<ref bean="sessionFactory" />
		</property>
	</bean>
	<bean id="ServiceDAO" class="com.hit.cloudmove.DAO.ServiceDAO">
		<property name="sessionFactory">
			<ref bean="sessionFactory" />
		</property>
	</bean>
	<bean id="LogDAO" class="com.hit.cloudmove.DAO.LogDAO">
		<property name="sessionFactory">
			<ref bean="sessionFactory" />
		</property>
	</bean>

</beans>