<?xml version="1.0" encoding="utf-8"?>
<!DOCTYPE hibernate-mapping PUBLIC "-//Hibernate/Hibernate Mapping DTD 3.0//EN"
"http://hibernate.sourceforge.net/hibernate-mapping-3.0.dtd">
<!-- 
    Mapping file autogenerated by MyEclipse Persistence Tools
-->
<hibernate-mapping>
    <class name="com.hit.cloudmove.pojo.Community" table="community" schema="dbo" catalog="cloudmovedb">
        <id name="id" type="java.lang.Integer">
            <column name="id" />
            <generator class="native"></generator>
        </id>
        <property name="name" type="java.lang.String">
            <column name="name" />
        </property>
        <property name="cityid" type="java.lang.Integer">
            <column name="cityid" />
        </property>
    </class>
</hibernate-mapping>
