<?xml version="1.0" encoding="utf-8"?>
<!DOCTYPE hibernate-mapping PUBLIC "-//Hibernate/Hibernate Mapping DTD 3.0//EN"
"http://hibernate.sourceforge.net/hibernate-mapping-3.0.dtd">
<!-- 
    Mapping file autogenerated by MyEclipse Persistence Tools
-->
<hibernate-mapping>
    <class name="com.hit.cloudmove.pojo.Log" table="log" schema="dbo" catalog="cloudmovedb">
        <id name="id" type="java.lang.Integer">
            <column name="id" />
            <generator class="native"></generator>
        </id>
        <property name="userid" type="java.lang.Integer">
            <column name="userid" />
        </property>
        <property name="operation" type="java.lang.String">
            <column name="operation" />
        </property>
        <property name="time" type="java.sql.Timestamp">
            <column name="time" length="23" />
        </property>
    </class>
</hibernate-mapping>
