<?xml version="1.0" encoding="utf-8"?>
<!DOCTYPE hibernate-mapping PUBLIC "-//Hibernate/Hibernate Mapping DTD 3.0//EN"
"http://hibernate.sourceforge.net/hibernate-mapping-3.0.dtd">
<!-- 
    Mapping file autogenerated by MyEclipse Persistence Tools
-->
<hibernate-mapping>
    <class name="com.hit.cloudmove.pojo.Orders" table="orders" schema="dbo" catalog="cloudmovedb">
        <id name="id" type="java.lang.Integer">
            <column name="id" />
            <generator class="native"></generator>
        </id>
        <property name="time" type="java.sql.Timestamp">
            <column name="time" length="23" />
        </property>
        <property name="storeid" type="java.lang.Integer">
            <column name="storeid" />
        </property>
        <property name="serviceid" type="java.lang.Integer">
            <column name="serviceid" />
        </property>
        <property name="insuranceid" type="java.lang.Integer">
            <column name="insuranceid" />
        </property>
        <property name="userid" type="java.lang.Integer">
            <column name="userid" />
        </property>
        <property name="totaldistance" type="java.lang.Integer">
            <column name="totaldistance" />
        </property>
        <property name="category" type="java.lang.String">
            <column name="category" />
        </property>
        <property name="state" type="java.lang.Integer">
            <column name="state" />
        </property>
        <property name="pay" type="java.lang.Double">
            <column name="pay" precision="10" />
        </property>
        <property name="files" type="java.lang.String">
            <column name="files" />
        </property>
        <property name="note" type="java.lang.String">
            <column name="note" />
        </property>
        <property name="payway" type="java.lang.Integer">
            <column name="payway" />
        </property>
        <property name="pickway" type="java.lang.Integer">
            <column name="pickway" />
        </property>
        <property name="mypay" type="java.lang.Double">
            <column name="mypay" precision="10" />
        </property>
        <property name="addresss" type="java.lang.String">
            <column name="addresss" />
        </property>
        <property name="deliverytime" type="java.sql.Timestamp">
            <column name="deliverytime" length="23" />
        </property>
        
        <property name="movetime" type="java.lang.String">
            <column name="movetime" />
        </property>
    </class>
</hibernate-mapping>
