<?xml version="1.0" encoding="utf-8"?>
<!DOCTYPE hibernate-mapping PUBLIC "-//Hibernate/Hibernate Mapping DTD 3.0//EN"
"http://hibernate.sourceforge.net/hibernate-mapping-3.0.dtd">
<!-- 
    Mapping file autogenerated by MyEclipse Persistence Tools
-->
<hibernate-mapping>
    <class name="com.hit.cloudmove.pojo.Service" table="service" schema="dbo" catalog="cloudmovedb">
        <id name="id" type="java.lang.Integer">
            <column name="id" />
            <generator class="native"></generator>
        </id>
        <property name="name" type="java.lang.String">
            <column name="name" />
        </property>
        <property name="unitprice" type="java.lang.Double">
            <column name="unitprice" precision="10" />
        </property>
        <property name="unitmeasure" type="java.lang.String">
            <column name="unitmeasure" />
        </property>
        <property name="storeid" type="java.lang.Integer">
            <column name="storeid" />
        </property>
        <property name="isDel" type="java.lang.Integer">
            <column name="isDel" />
        </property>
    </class>
</hibernate-mapping>
