<?xml version="1.0" encoding="utf-8"?>
<!DOCTYPE hibernate-mapping PUBLIC "-//Hibernate/Hibernate Mapping DTD 3.0//EN"
"http://hibernate.sourceforge.net/hibernate-mapping-3.0.dtd">
<!-- 
    Mapping file autogenerated by MyEclipse Persistence Tools
-->
<hibernate-mapping>
    <class name="com.hit.cloudmove.pojo.Store" table="store" schema="dbo" catalog="cloudmovedb">
        <id name="id" type="java.lang.Integer">
            <column name="id" />
            <generator class="native"></generator>
        </id>
        <property name="userid" type="java.lang.Integer">
            <column name="userid" />
        </property>
        <property name="communityid" type="java.lang.Integer">
            <column name="communityid" />
        </property>
        <property name="name" type="java.lang.String">
            <column name="name" />
        </property>
        <property name="deliveryfee" type="java.lang.Long">
            <column name="deliveryfee" precision="10" scale="0" />
        </property>
        <property name="icon" type="java.lang.String">
            <column name="icon" />
        </property>
    </class>
</hibernate-mapping>
