<?xml version="1.0" encoding="utf-8"?>
<!DOCTYPE hibernate-mapping PUBLIC "-//Hibernate/Hibernate Mapping DTD 3.0//EN"
"http://hibernate.sourceforge.net/hibernate-mapping-3.0.dtd">
<!-- 
    Mapping file autogenerated by MyEclipse Persistence Tools
-->
<hibernate-mapping>
    <class name="com.hit.cloudmove.pojo.Userinfo" table="userinfo" schema="dbo" catalog="cloudmovedb">
        <id name="id" type="java.lang.Integer">
            <column name="id" />
            <generator class="native"></generator>
        </id>
        <property name="tel" type="java.lang.String">
            <column name="tel" />
        </property>
        <property name="passwd" type="java.lang.String">
            <column name="passwd" />
        </property>
        <property name="realname" type="java.lang.String">
            <column name="realname" />
        </property>
        <property name="isUser" type="java.lang.Integer">
            <column name="isUser" />
        </property>
    </class>
</hibernate-mapping>
