<?xml version="1.0" encoding="UTF-8"?>
<!DOCTYPE struts-config PUBLIC "-//Apache Software Foundation//DTD Struts Configuration 1.2//EN" "http://struts.apache.org/dtds/struts-config_1_2.dtd">

<struts-config>
	<data-sources />

	<!-- form defination -->
	<form-beans>
		<form-bean name="loginForm" type="com.hit.cloudmove.form.LoginForm" />
		<form-bean name="registerForm" type="com.hit.cloudmove.form.RegisterForm" />
		<form-bean name="msgIDForm" type="com.hit.cloudmove.form.MsgIDForm" />
		<form-bean name="msgStrForm" type="com.hit.cloudmove.form.MsgStrForm" />
		<form-bean name="AddStoreForm" type="com.hit.cloudmove.form.AddStoreForm" />
		<form-bean name="userMakeOrder2Form" type="com.hit.cloudmove.form.UserMakeOrder2Form" />
		<form-bean name="userMakeOrder1Form" type="com.hit.cloudmove.form.UserMakeOrder1Form" />
		<form-bean name="UserOrdersForm" dynamic="true"
			type="org.apache.struts.action.DynaActionForm">
			<form-property name="UserOrders" type="java.util.Collection" />
		</form-bean>
		<form-bean name="EditStoreForm" dynamic="true"
			type="org.apache.struts.action.DynaActionForm">
			<form-property name="ServiceList" type="java.util.Collection" />
			<form-property name="PapeList" type="java.util.Collection" />

		</form-bean>
		<form-bean name="addStoreForm" type="com.hit.cloudmove.form.AddStoreForm" />
	</form-beans>

	<global-exceptions />
	<global-forwards />

	<!-- action defination -->
	<action-mappings>
		<action attribute="loginForm" input="/login.jsp" name="loginForm"
			parameter="parameter" path="/login" scope="session"
			type="org.springframework.web.struts.DelegatingActionProxy">
			<set-property property="cancellable" value="true" />

			<forward name="fail" path="/login.jsp" />
			<forward name="succeed" path="/communityChoose.do" redirect="true" />
		</action>

		<action attribute="registerForm" input="/register.jsp" name="registerForm"
			parameter="parameter" path="/register" scope="request"
			type="org.springframework.web.struts.DelegatingActionProxy">
			<set-property property="cancellable" value="true" />

			<forward name="fail" path="/register.jsp" />
			<forward name="succeed" path="/login.jsp" />

		</action>

		<action path="/communityChoose" parameter="parameter" scope="request"
			attribute="msgStrForm" name="msgStrForm"
			type="org.springframework.web.struts.DelegatingActionProxy">
			<set-property property="cancellable" value="true" />

			<forward name="succeed" path="tile.community" />

		</action>

		<action path="/enterHomePage" attribute="msgIDForm" name="msgIDForm"
			parameter="parameter" scope="session"
			type="org.springframework.web.struts.DelegatingActionProxy">
			<set-property property="cancellable" value="true" />
			<forward name="succeed" path="tile.home" redirect="true" />
			<forward name="fail" path="/communityChoose.do?msgstr=error"
				redirect="true" />
		</action>

		<action path="/getCommunityByCityID" attribute="msgIDForm" input="/community.jsp"
			parameter="parameter" scope="request" name="msgIDForm"
			type="org.springframework.web.struts.DelegatingActionProxy">
			<set-property property="cancellable" value="true" />

			<forward name="succeed" path="/community.jsp" />

		</action>

		<action path="/getStoreOrders"
			type="org.springframework.web.struts.DelegatingActionProxy" scope="request"
			name="msgIDForm" attribute="msgIDForm" validate="false">
			<forward name="success" path="tile.orderdetail" />
		</action>
		<action path="/getUserOrders"
			type="org.springframework.web.struts.DelegatingActionProxy" scope="request"
			name="UserOrdersForm" validate="false">
			<forward name="success" path="tile.orderlist" />
		</action>
		<action path="/UserOrderDetail"
			type="org.springframework.web.struts.DelegatingActionProxy" scope="request"
			name="userMakeOrder2Form" validate="false">
			<forward name="success" path="tile.orderStep3" />
		</action>
		<action path="/userMakeOrder1"
			type="org.springframework.web.struts.DelegatingActionProxy" scope="request"
			name="msgIDForm" attribute="msgIDForm" input="tile.shop" validate="true">
			<forward name="success" path="tile.orderStep1" />
		</action>

		<action attribute="userMakeOrder1Form" path="/userMakeOrder2"
			type="org.springframework.web.struts.DelegatingActionProxy" scope="request"
			name="userMakeOrder1Form" input="tile.orderStep1" validate="true">
			<forward name="success" path="tile.orderStep2" />
			<forward name="quit" path="/communityChoose.do" />
		</action>
		<action attribute="userMakeOrder2Form" input="tile.orderStep2"
			name="userMakeOrder2Form" path="/userMakeOrder3" scope="request"
			type="org.springframework.web.struts.DelegatingActionProxy" validate="true">
			<!-- <set-property property="cancellable" value="true" /> -->
			<forward name="success" path="tile.orderStep3" />
			
		</action>

		<action attribute="userMakeOrder2Form" input="tile.orderStep3"
			name="userMakeOrder2Form" path="/userMakeOrder4" scope="request"
			type="org.springframework.web.struts.DelegatingActionProxy" validate="false">
			<set-property property="cancellable" value="true" />
			<forward name="success" path="tile.orderlist" />
		</action>

		<action path="/addstore" input="tile.addstore"
			type="org.springframework.web.struts.DelegatingActionProxy" scope="request"
			name="AddStoreForm">
			<set-property property="cancellable" value="true" />
			<forward name="success" path="/enterHomePage.do" />
			<forward name="fail" path="/login.jsp" />
		</action>

		<action path="/saveEditstore" input="tile.editstore"
			type="org.springframework.web.struts.DelegatingActionProxy" scope="request"
			name="AddStoreForm">
			<set-property property="cancellable" value="true" />
			<forward name="success" path="/enterHomePage.do" />
			<forward name="fail" path="/login.jsp" />
		</action>

		<action path="/enterErrorPage"
			type="org.springframework.web.struts.DelegatingActionProxy" scope="request"
			validate="false">
			<forward name="success" path="/login.jsp" redirect="true" />
		</action>

		<action path="/enterShopPage" attribute="msgIDForm" name="msgIDForm"
			scope="session" type="org.springframework.web.struts.DelegatingActionProxy">
			<set-property property="cancellable" value="true" />
			<forward name="success" path="tile.shop" />
			<forward name="success_store" path="/editStore.do" />
		</action>

		<action path="/enterAddStore"
			type="org.springframework.web.struts.DelegatingActionProxy">
			<set-property property="cancellable" value="true" />
			<forward name="success" path="tile.addstore" />
		</action>

		<action path="/enterOrderStep" attribute="msgIDForm" name="msgIDForm"
			scope="request" type="org.springframework.web.struts.DelegatingActionProxy">
			<set-property property="cancellable" value="true" />
			<forward name="success" path="tile.orderStep2" />
		</action>
		<action attribute="fileUploadForm" name="fileUploadForm" path="/fileUpload"
			scope="request" type="com.hit.cloudmove.action.FileUploadAction">
			<set-property property="cancellable" value="true" />
		</action>

		<action path="/validationCode"
			type="org.springframework.web.struts.DelegatingActionProxy">
			<set-property property="cancellable" value="true" />
		</action>

		<action path="/editStore"
			type="org.springframework.web.struts.DelegatingActionProxy" scope="session"
			name="EditStoreForm">
			<forward name="success" path="tile.editstore" />
		</action>



	</action-mappings>

	<!-- file size -->
	<controller maxFileSize="8M">

		<set-property property="processorClass"
			value="org.apache.struts.tiles.TilesRequestProcessor" />
	</controller>

	<!-- plug-in defination -->
	<message-resources parameter="com.hit.cloudmove.struts.ApplicationResources" />
	<plug-in className="org.springframework.web.struts.ContextLoaderPlugIn">
		<set-property property="contextConfigLocation"
			value="/WEB-INF/classes/applicationContext.xml" />
	</plug-in>
	<plug-in className="org.apache.struts.tiles.TilesPlugin">
		<set-property property="definitions-config" value="/WEB-INF/tiles-defs.xml" />
		<set-property property="definitions-debug" value="2" />

		<set-property property="definitions-parser-details"
			value="2" />

		<set-property property="definitions-parser-validate"
			value="true" />
		<set-property property="moduleAware" value="true" />
	</plug-in>

	<!-- The content of element type "struts-config" must match " (display-name?,description?,form-beans?,global-exceptions?,global-forwards?, 
		action-mappings?,controller?,message-resources*,plug-in*)". -->
</struts-config>

