<?xml version="1.0" encoding="UTF-8"?> 
<!DOCTYPE tiles-definitions PUBLIC    
    "-//Apache Software Foundation//DTD Tiles Configuration 1.1//EN"    
    "http://jakarta.apache.org/struts/dtds/tiles-config_1_1.dtd">

<tiles-definitions>
	<definition name="MainLayout" path="/tilesLayout/MainLayout.jsp">
		<put name="header" value="/tilesComponent/header.jsp" />
		<put name="body" value="CHANGE-ME" />
		<put name="footer" value="/tilesComponent/footer.jsp" />
	</definition>
	<definition name="tile.home" extends="MainLayout">
		<put name="body" value="/tilesComponent/home.jsp" />
	</definition>
	<definition name="tile.addstore" extends="MainLayout">
		<put name="body" value="/tilesComponent/addstore.jsp" />
	</definition>
	<definition name="tile.editstore" extends="MainLayout">
		<put name="body" value="/tilesComponent/editstore.jsp" />
	</definition>
	<definition name="tile.orderdetail" extends="MainLayout">
		<put name="body" value="/tilesComponent/orderdetail.jsp" />
	</definition>
	<definition name="tile.orderlist" extends="MainLayout">
		<put name="body" value="/tilesComponent/orderlist.jsp" />
	</definition>
	<definition name="tile.orderStep1" extends="MainLayout">
		<put name="body" value="/tilesComponent/orderStep1.jsp" />
	</definition>
	<definition name="tile.orderStep2" extends="MainLayout">
		<put name="body" value="/tilesComponent/orderStep2.jsp" />
	</definition>
	<definition name="tile.orderStep3" extends="MainLayout">
		<put name="body" value="/tilesComponent/orderStep3.jsp" />
	</definition>
	<definition name="tile.community" extends="MainLayout">
		<put name="body" value="/tilesComponent/community.jsp" />
	</definition>
	<definition name="tile.shop" extends="MainLayout">
		<put name="body" value="/tilesComponent/shop.jsp" />
	</definition>
	<definition name="tile.storedetail" extends="MainLayout">
		<put name="body" value="/tilesComponent/storedetail.jsp" />
	</definition>

</tiles-definitions>